{"cameraMode":{"drawMode":0,"name":"Shaded","section":"Shading Mode"},"sceneLighting":true,"audioPlay":false,"sceneViewState":{"showFog":true,"showMaterialUpdate":false,"showSkybox":true,"showFlares":true,"showImageEffects":true,"showParticleSystems":true},"in2DMode":false,"pivot":{"x":-0.7899999618530273,"y":-9.779999732971192,"z":26.68000030517578},"rotation":{"x":0.015053662471473217,"y":-0.7549088001251221,"z":0.016725784167647363,"w":0.655663013458252},"size":2.061593770980835,"orthographic":false}