{"cameraMode":{"drawMode":0,"name":"Shaded","section":"Shading Mode"},"sceneLighting":true,"audioPlay":false,"sceneViewState":{"showFog":true,"showMaterialUpdate":false,"showSkybox":true,"showFlares":true,"showImageEffects":true,"showParticleSystems":true},"in2DMode":false,"pivot":{"x":2.0067272186279299,"y":-0.06681615114212036,"z":9.149999618530274},"rotation":{"x":-0.008066130802035332,"y":-0.9590511918067932,"z":0.2825385630130768,"w":-0.02741413190960884},"size":11.91158676147461,"orthographic":false}