{"cameraMode":{"drawMode":0,"name":"Shaded","section":"Shading Mode"},"sceneLighting":true,"audioPlay":false,"sceneViewState":{"showFog":true,"showMaterialUpdate":false,"showSkybox":true,"showFlares":true,"showImageEffects":true,"showParticleSystems":true},"in2DMode":false,"pivot":{"x":2.477605104446411,"y":-8.275667190551758,"z":25.39167022705078},"rotation":{"x":-0.010864773765206337,"y":0.985386848449707,"z":-0.06809405982494354,"w":-0.1570233553647995},"size":10.267637252807618,"orthographic":false}