{"cameraMode":{"drawMode":0,"name":"Shaded","section":"Shading Mode"},"sceneLighting":true,"audioPlay":false,"sceneViewState":{"showFog":true,"showMaterialUpdate":false,"showSkybox":true,"showFlares":true,"showImageEffects":true,"showParticleSystems":true},"in2DMode":false,"pivot":{"x":-2.4830000400543215,"y":-3.200000047683716,"z":-16.020000457763673},"rotation":{"x":0.2336001992225647,"y":0.7094208598136902,"z":-0.27306920289993288,"w":0.6066296100616455},"size":31.764999389648439,"orthographic":false}