{"cameraMode":{"drawMode":0,"name":"Shaded","section":"Shading Mode"},"sceneLighting":true,"audioPlay":false,"sceneViewState":{"showFog":true,"showMaterialUpdate":false,"showSkybox":true,"showFlares":true,"showImageEffects":true,"showParticleSystems":true},"in2DMode":false,"pivot":{"x":6.280986785888672,"y":-11.68558406829834,"z":8.168351173400879},"rotation":{"x":0.0015264794928953052,"y":0.9949041604995728,"z":-0.09972111135721207,"w":0.015219087712466717},"size":43.665767669677737,"orthographic":false}