{"cameraMode":{"drawMode":0,"name":"Shaded","section":"Shading Mode"},"sceneLighting":true,"audioPlay":false,"sceneViewState":{"showFog":true,"showMaterialUpdate":false,"showSkybox":true,"showFlares":true,"showImageEffects":true,"showParticleSystems":true},"in2DMode":false,"pivot":{"x":-0.09353494644165039,"y":-4.6092095375061039,"z":10.161067962646485},"rotation":{"x":-0.021995622664690019,"y":0.9389193058013916,"z":-0.05996360257267952,"w":-0.3387795686721802},"size":33.39717483520508,"orthographic":false}