{"cameraMode":{"drawMode":0,"name":"Shaded","section":"Shading Mode"},"sceneLighting":true,"audioPlay":false,"sceneViewState":{"showFog":true,"showMaterialUpdate":false,"showSkybox":true,"showFlares":true,"showImageEffects":true,"showParticleSystems":true},"in2DMode":false,"pivot":{"x":59.357635498046878,"y":136.54864501953126,"z":15.061965942382813},"rotation":{"x":0.029393009841442109,"y":0.811233401298523,"z":-0.040913842618465427,"w":0.582577645778656},"size":321.2196350097656,"orthographic":false}