{"cameraMode":{"drawMode":0,"name":"Shaded","section":"Shading Mode"},"sceneLighting":true,"audioPlay":false,"sceneViewState":{"showFog":true,"showMaterialUpdate":false,"showSkybox":true,"showFlares":true,"showImageEffects":true,"showParticleSystems":true},"in2DMode":false,"pivot":{"x":-5.231075286865234,"y":-11.674934387207032,"z":5.819230079650879},"rotation":{"x":-0.1622212827205658,"y":0.8050810694694519,"z":-0.2556134760379791,"w":-0.5105003118515015},"size":56.51841354370117,"orthographic":false}