{"cameraMode":{"drawMode":0,"name":"Shaded","section":"Shading Mode"},"sceneLighting":true,"audioPlay":false,"sceneViewState":{"showFog":true,"showMaterialUpdate":false,"showSkybox":true,"showFlares":true,"showImageEffects":true,"showParticleSystems":true},"in2DMode":false,"pivot":{"x":-0.1800384521484375,"y":3.3802297115325929,"z":21.793617248535158},"rotation":{"x":0.011477221734821797,"y":-0.9049769639968872,"z":0.02443891391158104,"w":0.42481672763824465},"size":54.751670837402347,"orthographic":false}