{"cameraMode":{"drawMode":0,"name":"Shaded","section":"Shading Mode"},"sceneLighting":true,"audioPlay":false,"sceneViewState":{"showFog":true,"showMaterialUpdate":false,"showSkybox":true,"showFlares":true,"showImageEffects":true,"showParticleSystems":true},"in2DMode":false,"pivot":{"x":1.8999998569488526,"y":0.7199999094009399,"z":17.700000762939454},"rotation":{"x":0.531135618686676,"y":0.23762398958206178,"z":-0.15820848941802979,"w":0.7977482676506043},"size":16.25230598449707,"orthographic":false}