{"cameraMode":{"drawMode":0,"name":"Shaded","section":"Shading Mode"},"sceneLighting":true,"audioPlay":false,"sceneViewState":{"showFog":true,"showMaterialUpdate":false,"showSkybox":true,"showFlares":true,"showImageEffects":true,"showParticleSystems":true},"in2DMode":false,"pivot":{"x":-5.611144065856934,"y":-12.720001220703125,"z":-17.870853424072267},"rotation":{"x":0.014737695455551148,"y":0.9448028802871704,"z":-0.3245660960674286,"w":0.04281528294086456},"size":51.89349365234375,"orthographic":false}